,loss,learning_rate,epoch,step,eval_loss,eval_runtime,eval_samples_per_second,eval_steps_per_second,train_runtime,train_samples_per_second,train_steps_per_second,total_flos,train_loss
0,15.1947,0.00019999961008995606,0.01,4,,,,,,,,,
1,13.7366,0.00019999844036286483,0.01,8,,,,,,,,,
2,12.8662,0.0001999964908278481,0.02,12,,,,,,,,,
3,12.3309,0.00019999376150010866,0.02,16,,,,,,,,,
4,11.8749,0.00019999025240093044,0.03,20,,,,,,,,,
5,11.1853,0.00019998596355767805,0.03,24,,,,,,,,,
6,10.3348,0.00019998089500379676,0.04,28,,,,,,,,,
7,9.0923,0.00019997504677881224,0.04,32,,,,,,,,,
8,8.2486,0.00019996841892833,0.05,36,,,,,,,,,
9,7.5264,0.00019996101150403543,0.05,40,,,,,,,,,
10,7.1124,0.0001999528245636931,0.06,44,,,,,,,,,
11,6.7609,0.00019994385817114646,0.06,48,,,,,,,,,
12,6.5765,0.0001999341123963171,0.07,52,,,,,,,,,
13,6.3685,0.00019992358731520468,0.07,56,,,,,,,,,
14,6.225,0.00019991228300988585,0.08,60,,,,,,,,,
15,6.1192,0.00019990019956851382,0.09,64,,,,,,,,,
16,6.0553,0.0001998873370853177,0.09,68,,,,,,,,,
17,5.9488,0.00019987369566060176,0.1,72,,,,,,,,,
18,5.9332,0.00019985927540074454,0.1,76,,,,,,,,,
19,5.8628,0.00019984407641819812,0.11,80,,,,,,,,,
20,5.8156,0.00019982809883148722,0.11,84,,,,,,,,,
21,5.7846,0.00019981134276520827,0.12,88,,,,,,,,,
22,5.7633,0.00019979380835002846,0.12,92,,,,,,,,,
23,5.7439,0.00019977549572268468,0.13,96,,,,,,,,,
24,5.7027,0.00019975640502598244,0.13,100,,,,,,,,,
25,5.6819,0.00019973653640879485,0.14,104,,,,,,,,,
26,5.6531,0.0001997158900260614,0.14,108,,,,,,,,,
27,5.6495,0.00019969446603878673,0.15,112,,,,,,,,,
28,5.626,0.00019967226461403933,0.15,116,,,,,,,,,
29,5.6222,0.00019964928592495045,0.16,120,,,,,,,,,
30,5.5918,0.0001996255301507125,0.17,124,,,,,,,,,
31,5.6243,0.00019960099747657774,0.17,128,,,,,,,,,
32,5.5899,0.00019957568809385694,0.18,132,,,,,,,,,
33,5.5785,0.0001995496021999177,0.18,136,,,,,,,,,
34,5.5638,0.0001995227399981831,0.19,140,,,,,,,,,
35,5.5513,0.00019949510169813003,0.19,144,,,,,,,,,
36,5.5567,0.00019946668751528744,0.2,148,,,,,,,,,
37,5.5484,0.0001994374976712348,0.2,152,,,,,,,,,
38,5.5435,0.00019940753239360047,0.21,156,,,,,,,,,
39,5.5345,0.00019937679191605963,0.21,160,,,,,,,,,
40,5.5337,0.00019934527647833276,0.22,164,,,,,,,,,
41,5.5347,0.00019931298632618356,0.22,168,,,,,,,,,
42,5.5241,0.00019927992171141708,0.23,172,,,,,,,,,
43,5.5224,0.00019924608289187786,0.23,176,,,,,,,,,
44,5.5158,0.0001992114701314478,0.24,180,,,,,,,,,
45,5.5119,0.00019917608370004417,0.25,184,,,,,,,,,
46,5.5083,0.00019913992387361745,0.25,188,,,,,,,,,
47,5.4987,0.0001991029909341493,0.26,192,,,,,,,,,
48,5.4973,0.00019906528516965008,0.26,196,,,,,,,,,
49,5.4906,0.00019902680687415705,0.27,200,,,,,,,,,
50,5.4947,0.00019898755634773158,0.27,204,,,,,,,,,
51,5.4947,0.00019894753389645723,0.28,208,,,,,,,,,
52,5.4795,0.00019890673983243706,0.28,212,,,,,,,,,
53,5.4835,0.0001988651744737914,0.29,216,,,,,,,,,
54,5.4944,0.0001988228381446553,0.29,220,,,,,,,,,
55,5.4806,0.0001987797311751759,0.3,224,,,,,,,,,
56,5.4766,0.00019873585390151003,0.3,228,,,,,,,,,
57,5.4801,0.00019869120666582153,0.31,232,,,,,,,,,
58,5.4726,0.00019864578981627844,0.31,236,,,,,,,,,
59,5.4681,0.0001985996037070505,0.32,240,,,,,,,,,
60,5.4684,0.00019855264869830629,0.33,244,,,,,,,,,
61,5.4657,0.00019850492515621038,0.33,248,,,,,,,,,
62,5.4671,0.00019845643345292054,0.34,252,,,,,,,,,
63,5.4585,0.00019840717396658484,0.34,256,,,,,,,,,
64,5.4631,0.00019835714708133862,0.35,260,,,,,,,,,
65,5.4675,0.00019830635318730154,0.35,264,,,,,,,,,
66,5.4561,0.00019825479268057467,0.36,268,,,,,,,,,
67,5.4628,0.0001982024659632372,0.36,272,,,,,,,,,
68,5.4658,0.0001981493734433433,0.37,276,,,,,,,,,
69,5.4622,0.00019809551553491916,0.37,280,,,,,,,,,
70,5.4539,0.0001980408926579596,0.38,284,,,,,,,,,
71,5.4556,0.0001979855052384247,0.38,288,,,,,,,,,
72,5.4537,0.00019792935370823675,0.39,292,,,,,,,,,
73,5.4505,0.00019787243850527664,0.39,296,,,,,,,,,
74,5.4465,0.00019781476007338058,0.4,300,,,,,,,,,
75,5.4496,0.00019775631886233654,0.41,304,,,,,,,,,
76,5.4509,0.00019769711532788083,0.41,308,,,,,,,,,
77,5.4508,0.00019763714993169452,0.42,312,,,,,,,,,
78,5.4392,0.00019757642314139977,0.42,316,,,,,,,,,
79,5.4415,0.00019751493543055632,0.43,320,,,,,,,,,
80,5.4452,0.00019745268727865774,0.43,324,,,,,,,,,
81,5.4386,0.0001973896791711275,0.44,328,,,,,,,,,
82,5.4358,0.0001973259115993156,0.44,332,,,,,,,,,
83,5.4383,0.00019726138506049438,0.45,336,,,,,,,,,
84,5.4454,0.00019719610005785465,0.45,340,,,,,,,,,
85,5.4333,0.000197130057100502,0.46,344,,,,,,,,,
86,5.4351,0.00019706325670345275,0.46,348,,,,,,,,,
87,5.4413,0.00019699569938762973,0.47,352,,,,,,,,,
88,5.4375,0.00019692738567985853,0.47,356,,,,,,,,,
89,5.4443,0.0001968583161128631,0.48,360,,,,,,,,,
90,5.4362,0.00019678849122526187,0.49,364,,,,,,,,,
91,5.4348,0.0001967179115615633,0.49,368,,,,,,,,,
92,5.4312,0.00019664657767216176,0.5,372,,,,,,,,,
93,5.436,0.00019657449011333328,0.5,376,,,,,,,,,
94,5.4311,0.00019650164944723115,0.51,380,,,,,,,,,
95,5.4321,0.00019642805624188147,0.51,384,,,,,,,,,
96,5.429,0.00019635371107117888,0.52,388,,,,,,,,,
97,5.4317,0.00019627861451488189,0.52,392,,,,,,,,,
98,5.4298,0.0001962027671586086,0.53,396,,,,,,,,,
99,5.4286,0.0001961261695938319,0.53,400,,,,,,,,,
100,5.4307,0.00019604882241787498,0.54,404,,,,,,,,,
101,5.4254,0.00019597072623390668,0.54,408,,,,,,,,,
102,5.4228,0.0001958918816509367,0.55,412,,,,,,,,,
103,5.4284,0.00019581228928381098,0.55,416,,,,,,,,,
104,5.4261,0.00019573194975320673,0.56,420,,,,,,,,,
105,5.4201,0.0001956508636856278,0.57,424,,,,,,,,,
106,5.4289,0.00019556903171339963,0.57,428,,,,,,,,,
107,5.4227,0.00019548645447466431,0.58,432,,,,,,,,,
108,5.4222,0.0001954031326133758,0.58,436,,,,,,,,,
109,5.4279,0.0001953190667792947,0.59,440,,,,,,,,,
110,5.4215,0.00019523425762798329,0.59,444,,,,,,,,,
111,5.4168,0.00019514870582080032,0.6,448,,,,,,,,,
112,5.4237,0.00019506241202489602,0.6,452,,,,,,,,,
113,5.4191,0.00019497537691320668,0.61,456,,,,,,,,,
114,5.4147,0.00019488760116444966,0.61,460,,,,,,,,,
115,5.427,0.00019479908546311781,0.62,464,,,,,,,,,
116,5.4119,0.00019470983049947444,0.62,468,,,,,,,,,
117,5.4175,0.00019461983696954758,0.63,472,,,,,,,,,
118,5.4201,0.00019452910557512496,0.63,476,,,,,,,,,
119,5.4215,0.00019443763702374812,0.64,480,,,,,,,,,
120,5.4173,0.00019434543202870725,0.65,484,,,,,,,,,
121,5.4144,0.00019425249130903543,0.65,488,,,,,,,,,
122,5.4083,0.00019415881558950302,0.66,492,,,,,,,,,
123,5.4134,0.00019406440560061216,0.66,496,,,,,,,,,
124,5.4145,0.00019396926207859084,0.67,500,,,,,,,,,
125,5.4126,0.00019387338576538744,0.67,504,,,,,,,,,
126,5.411,0.0001937767774086646,0.68,508,,,,,,,,,
127,5.4114,0.0001936794377617938,0.68,512,,,,,,,,,
128,5.4104,0.00019358136758384912,0.69,516,,,,,,,,,
129,5.4069,0.00019348256763960145,0.69,520,,,,,,,,,
130,5.412,0.00019338303869951269,0.7,524,,,,,,,,,
131,5.409,0.00019328278153972947,0.7,528,,,,,,,,,
132,5.4103,0.00019318179694207725,0.71,532,,,,,,,,,
133,5.4119,0.00019308008569405422,0.71,536,,,,,,,,,
134,5.4166,0.00019297764858882514,0.72,540,,,,,,,,,
135,5.4104,0.00019287448642521513,0.73,544,,,,,,,,,
136,5.4076,0.00019277060000770342,0.73,548,,,,,,,,,
137,5.4117,0.0001926659901464172,0.74,552,,,,,,,,,
138,5.4128,0.00019256065765712522,0.74,556,,,,,,,,,
139,5.4059,0.00019245460336123134,0.75,560,,,,,,,,,
140,5.4079,0.00019234782808576824,0.75,564,,,,,,,,,
141,5.4105,0.00019224033266339102,0.76,568,,,,,,,,,
142,5.4127,0.00019213211793237057,0.76,572,,,,,,,,,
143,5.408,0.00019202318473658705,0.77,576,,,,,,,,,
144,5.4058,0.00019191353392552344,0.77,580,,,,,,,,,
145,5.4013,0.0001918031663542588,0.78,584,,,,,,,,,
146,5.3988,0.00019169208288346166,0.78,588,,,,,,,,,
147,5.4108,0.00019158028437938317,0.79,592,,,,,,,,,
148,5.4065,0.0001914677717138505,0.79,596,,,,,,,,,
149,5.4064,0.0001913545457642601,0.8,600,,,,,,,,,
150,5.4015,0.00019124060741357063,0.81,604,,,,,,,,,
151,5.4039,0.00019112595755029624,0.81,608,,,,,,,,,
152,5.4023,0.00019101059706849957,0.82,612,,,,,,,,,
153,5.4047,0.00019089452686778488,0.82,616,,,,,,,,,
154,5.4042,0.00019077774785329087,0.83,620,,,,,,,,,
155,5.4102,0.00019066026093568378,0.83,624,,,,,,,,,
156,5.3921,0.0001905420670311502,0.84,628,,,,,,,,,
157,5.4003,0.00019042316706138987,0.84,632,,,,,,,,,
158,5.4039,0.00019030356195360874,0.85,636,,,,,,,,,
159,5.4043,0.0001901832526405114,0.85,640,,,,,,,,,
160,5.4001,0.00019006224006029406,0.86,644,,,,,,,,,
161,5.4022,0.0001899405251566371,0.86,648,,,,,,,,,
162,5.4059,0.00018981810887869785,0.87,652,,,,,,,,,
163,5.3961,0.000189694992181103,0.87,656,,,,,,,,,
164,5.4006,0.0001895711760239413,0.88,660,,,,,,,,,
165,5.3906,0.000189446661372756,0.89,664,,,,,,,,,
166,5.4072,0.0001893214491985374,0.89,668,,,,,,,,,
167,5.4022,0.0001891955404777151,0.9,672,,,,,,,,,
168,5.4004,0.00018906893619215066,0.9,676,,,,,,,,,
169,5.4034,0.00018894163732912977,0.91,680,,,,,,,,,
170,5.3977,0.00018881364488135448,0.91,684,,,,,,,,,
171,5.3997,0.0001886849598469356,0.92,688,,,,,,,,,
172,5.3919,0.00018855558322938493,0.92,692,,,,,,,,,
173,5.3864,0.00018842551603760724,0.93,696,,,,,,,,,
174,5.4064,0.00018829475928589271,0.93,700,,,,,,,,,
175,5.4018,0.0001881633139939087,0.94,704,,,,,,,,,
176,5.3969,0.00018803118118669202,0.94,708,,,,,,,,,
177,5.3924,0.00018789836189464086,0.95,712,,,,,,,,,
178,5.4024,0.00018776485715350671,0.95,716,,,,,,,,,
179,5.3937,0.00018763066800438636,0.96,720,,,,,,,,,
180,5.3997,0.0001874957954937138,0.97,724,,,,,,,,,
181,5.393,0.00018736024067325188,0.97,728,,,,,,,,,
182,5.3945,0.0001872240046000844,0.98,732,,,,,,,,,
183,5.4025,0.00018708708833660754,0.98,736,,,,,,,,,
184,5.3949,0.0001869494929505219,0.99,740,,,,,,,,,
185,5.4012,0.00018681121951482393,0.99,744,,,,,,,,,
186,5.3921,0.00018667226910779765,1.0,748,,,,,,,,,
187,,,1.0,750,4.8015899658203125,125.2694,7.983,0.998,,,,,
188,5.3952,0.00018653264281300622,1.0,752,,,,,,,,,
189,5.3963,0.00018639234171928353,1.01,756,,,,,,,,,
190,5.3959,0.00018625136692072575,1.01,760,,,,,,,,,
191,5.3934,0.00018610971951668265,1.02,764,,,,,,,,,
192,5.3884,0.0001859674006117491,1.02,768,,,,,,,,,
193,5.3953,0.0001858244113157566,1.03,772,,,,,,,,,
194,5.3928,0.0001856807527437643,1.03,776,,,,,,,,,
195,5.3931,0.00018553642601605068,1.04,780,,,,,,,,,
196,5.399,0.0001853914322581045,1.05,784,,,,,,,,,
197,5.3935,0.00018524577260061627,1.05,788,,,,,,,,,
198,5.3974,0.00018509944817946922,1.06,792,,,,,,,,,
199,5.3938,0.00018495246013573054,1.06,796,,,,,,,,,
200,5.3941,0.0001848048096156426,1.07,800,,,,,,,,,
201,5.3834,0.0001846564977706138,1.07,804,,,,,,,,,
202,5.3968,0.00018450752575720967,1.08,808,,,,,,,,,
203,5.3926,0.0001843578947371439,1.08,812,,,,,,,,,
204,5.396,0.00018420760587726923,1.09,816,,,,,,,,,
205,5.3955,0.00018405666034956844,1.09,820,,,,,,,,,
206,5.389,0.000183905059331145,1.1,824,,,,,,,,,
207,5.3984,0.0001837528040042142,1.1,828,,,,,,,,,
208,5.3894,0.00018359989555609353,1.11,832,,,,,,,,,
209,5.396,0.00018344633517919392,1.11,836,,,,,,,,,
210,5.396,0.00018329212407100994,1.12,840,,,,,,,,,
211,5.395,0.00018313726343411086,1.13,844,,,,,,,,,
212,5.3883,0.00018298175447613096,1.13,848,,,,,,,,,
213,5.3979,0.00018282559840976042,1.14,852,,,,,,,,,
214,5.3969,0.00018266879645273556,1.14,856,,,,,,,,,
215,5.389,0.00018251134982782952,1.15,860,,,,,,,,,
216,5.3988,0.00018235325976284275,1.15,864,,,,,,,,,
217,5.3874,0.0001821945274905933,1.16,868,,,,,,,,,
218,5.3868,0.0001820351542489074,1.16,872,,,,,,,,,
219,5.3913,0.00018187514128060946,1.17,876,,,,,,,,,
220,5.3859,0.00018171448983351284,1.17,880,,,,,,,,,
221,5.3943,0.00018155320116040982,1.18,884,,,,,,,,,
222,5.3925,0.00018139127651906184,1.18,888,,,,,,,,,
223,5.3945,0.0001812287171721897,1.19,892,,,,,,,,,
224,5.3874,0.000181065524387464,1.19,896,,,,,,,,,
225,5.3917,0.00018090169943749476,1.2,900,,,,,,,,,
226,5.386,0.00018073724359982186,1.21,904,,,,,,,,,
227,5.3885,0.00018057215815690494,1.21,908,,,,,,,,,
228,5.3822,0.00018040644439611348,1.22,912,,,,,,,,,
229,5.3884,0.0001802401036097167,1.22,916,,,,,,,,,
230,5.3953,0.00018007313709487334,1.23,920,,,,,,,,,
231,5.3842,0.00017990554615362198,1.23,924,,,,,,,,,
232,5.3876,0.00017973733209287036,1.24,928,,,,,,,,,
233,5.3948,0.00017956849622438554,1.24,932,,,,,,,,,
234,5.393,0.00017939903986478355,1.25,936,,,,,,,,,
235,5.3921,0.00017922896433551907,1.25,940,,,,,,,,,
236,5.3936,0.0001790582709628753,1.26,944,,,,,,,,,
237,5.3821,0.00017888696107795342,1.26,948,,,,,,,,,
238,5.3848,0.00017871503601666233,1.27,952,,,,,,,,,
239,5.3964,0.00017854249711970818,1.27,956,,,,,,,,,
240,5.3881,0.000178369345732584,1.28,960,,,,,,,,,
241,5.3928,0.000178195583205559,1.29,964,,,,,,,,,
242,5.3943,0.00017802121089366836,1.29,968,,,,,,,,,
243,5.3915,0.00017784623015670238,1.3,972,,,,,,,,,
244,5.3897,0.00017767064235919592,1.3,976,,,,,,,,,
245,5.3874,0.00017749444887041799,1.31,980,,,,,,,,,
246,5.388,0.00017731765106436073,1.31,984,,,,,,,,,
247,5.3946,0.00017714025031972903,1.32,988,,,,,,,,,
248,5.3836,0.00017696224801992945,1.32,992,,,,,,,,,
249,5.3944,0.00017678364555305978,1.33,996,,,,,,,,,
250,5.393,0.0001766044443118978,1.33,1000,,,,,,,,,
251,5.3904,0.0001764246456938909,1.34,1004,,,,,,,,,
252,5.3873,0.0001762442511011448,1.34,1008,,,,,,,,,
253,5.3805,0.00017606326194041273,1.35,1012,,,,,,,,,
254,5.3887,0.00017588167962308458,1.35,1016,,,,,,,,,
255,5.3877,0.00017569950556517566,1.36,1020,,,,,,,,,
256,5.3853,0.00017551674118731591,1.37,1024,,,,,,,,,
257,5.3861,0.0001753333879147387,1.37,1028,,,,,,,,,
258,5.3857,0.00017514944717726962,1.38,1032,,,,,,,,,
259,5.3934,0.00017496492040931552,1.38,1036,,,,,,,,,
260,5.386,0.0001747798090498532,1.39,1040,,,,,,,,,
261,5.382,0.00017459411454241822,1.39,1044,,,,,,,,,
262,5.3745,0.00017440783833509366,1.4,1048,,,,,,,,,
263,5.3944,0.00017422098188049883,1.4,1052,,,,,,,,,
264,5.3821,0.00017403354663577783,1.41,1056,,,,,,,,,
265,5.3809,0.00017384553406258842,1.41,1060,,,,,,,,,
266,5.3819,0.00017365694562709034,1.42,1064,,,,,,,,,
267,5.3835,0.00017346778279993415,1.42,1068,,,,,,,,,
268,5.3824,0.00017327804705624957,1.43,1072,,,,,,,,,
269,5.3866,0.00017308773987563406,1.43,1076,,,,,,,,,
270,5.3867,0.00017289686274214118,1.44,1080,,,,,,,,,
271,5.3841,0.0001727054171442692,1.45,1084,,,,,,,,,
272,5.3798,0.00017251340457494934,1.45,1088,,,,,,,,,
273,5.3849,0.00017232082653153422,1.46,1092,,,,,,,,,
274,5.3887,0.00017212768451578607,1.46,1096,,,,,,,,,
275,5.3916,0.0001719339800338651,1.47,1100,,,,,,,,,
276,5.3803,0.00017173971459631787,1.47,1104,,,,,,,,,
277,5.3818,0.00017154488971806518,1.48,1108,,,,,,,,,
278,5.3873,0.00017134950691839065,1.48,1112,,,,,,,,,
279,5.3874,0.00017115356772092857,1.49,1116,,,,,,,,,
280,5.3756,0.0001709570736536521,1.49,1120,,,,,,,,,
281,5.3889,0.00017076002624886154,1.5,1124,,,,,,,,,
282,5.3858,0.0001705624270431721,1.5,1128,,,,,,,,,
283,5.3818,0.00017036427757750205,1.51,1132,,,,,,,,,
284,5.3806,0.00017016557939706075,1.51,1136,,,,,,,,,
285,5.3872,0.00016996633405133655,1.52,1140,,,,,,,,,
286,5.3782,0.00016976654309408464,1.53,1144,,,,,,,,,
287,5.3879,0.0001695662080833151,1.53,1148,,,,,,,,,
288,5.3855,0.0001693653305812805,1.54,1152,,,,,,,,,
289,5.3816,0.000169163912154464,1.54,1156,,,,,,,,,
290,5.3865,0.000168961954373567,1.55,1160,,,,,,,,,
291,5.3912,0.00016875945881349676,1.55,1164,,,,,,,,,
292,5.3839,0.00016855642705335437,1.56,1168,,,,,,,,,
293,5.3806,0.00016835286067642228,1.56,1172,,,,,,,,,
294,5.3807,0.000168148761270152,1.57,1176,,,,,,,,,
295,5.3837,0.00016794413042615168,1.57,1180,,,,,,,,,
296,5.3863,0.00016773896974017373,1.58,1184,,,,,,,,,
297,5.381,0.00016753328081210245,1.58,1188,,,,,,,,,
298,5.3821,0.00016732706524594137,1.59,1192,,,,,,,,,
299,5.3828,0.00016712032464980095,1.59,1196,,,,,,,,,
300,5.3838,0.00016691306063588583,1.6,1200,,,,,,,,,
301,5.3799,0.00016670527482048246,1.61,1204,,,,,,,,,
302,5.3852,0.00016649696882394633,1.61,1208,,,,,,,,,
303,5.3825,0.00016628814427068953,1.62,1212,,,,,,,,,
304,5.3788,0.00016607880278916777,1.62,1216,,,,,,,,,
305,5.3825,0.00016586894601186805,1.63,1220,,,,,,,,,
306,5.3771,0.00016565857557529566,1.63,1224,,,,,,,,,
307,5.3811,0.00016544769311996148,1.64,1228,,,,,,,,,
308,5.3689,0.00016523630029036931,1.64,1232,,,,,,,,,
309,5.3749,0.00016502439873500289,1.65,1236,,,,,,,,,
310,5.3854,0.0001648119901063131,1.65,1240,,,,,,,,,
311,5.378,0.0001645990760607051,1.66,1244,,,,,,,,,
312,5.3804,0.0001643856582585254,1.66,1248,,,,,,,,,
313,5.3739,0.00016417173836404887,1.67,1252,,,,,,,,,
314,5.3731,0.0001639573180454658,1.67,1256,,,,,,,,,
315,5.3739,0.000163742398974869,1.68,1260,,,,,,,,,
316,5.3826,0.00016352698282824044,1.69,1264,,,,,,,,,
317,5.377,0.00016331107128543857,1.69,1268,,,,,,,,,
318,5.3764,0.00016309466603018496,1.7,1272,,,,,,,,,
319,5.3849,0.0001628777687500513,1.7,1276,,,,,,,,,
320,5.3753,0.00016266038113644607,1.71,1280,,,,,,,,,
321,5.3804,0.00016244250488460158,1.71,1284,,,,,,,,,
322,5.3768,0.00016222414169356065,1.72,1288,,,,,,,,,
323,5.3849,0.00016200529326616328,1.72,1292,,,,,,,,,
324,5.3757,0.00016178596130903344,1.73,1296,,,,,,,,,
325,5.3829,0.0001615661475325658,1.73,1300,,,,,,,,,
326,5.3774,0.00016134585365091243,1.74,1304,,,,,,,,,
327,5.3804,0.00016112508138196917,1.74,1308,,,,,,,,,
328,5.3758,0.00016090383244736256,1.75,1312,,,,,,,,,
329,5.3786,0.00016068210857243624,1.75,1316,,,,,,,,,
330,5.3836,0.0001604599114862375,1.76,1320,,,,,,,,,
331,5.3768,0.00016023724292150385,1.77,1324,,,,,,,,,
332,5.3817,0.00016001410461464956,1.77,1328,,,,,,,,,
333,5.376,0.0001597904983057519,1.78,1332,,,,,,,,,
334,5.3767,0.0001595664257385378,1.78,1336,,,,,,,,,
335,5.3831,0.00015934188866037016,1.79,1340,,,,,,,,,
336,5.3781,0.0001591168888222342,1.79,1344,,,,,,,,,
337,5.3785,0.00015889142797872387,1.8,1348,,,,,,,,,
338,5.3789,0.00015866550788802813,1.8,1352,,,,,,,,,
339,5.3754,0.00015843913031191723,1.81,1356,,,,,,,,,
340,5.3828,0.00015821229701572896,1.81,1360,,,,,,,,,
341,5.3776,0.00015798500976835493,1.82,1364,,,,,,,,,
342,5.3693,0.00015775727034222675,1.82,1368,,,,,,,,,
343,5.3783,0.00015752908051330227,1.83,1372,,,,,,,,,
344,5.3772,0.00015730044206105156,1.83,1376,,,,,,,,,
345,5.37,0.0001570713567684432,1.84,1380,,,,,,,,,
346,5.3681,0.0001568418264219303,1.85,1384,,,,,,,,,
347,5.3738,0.00015661185281143667,1.85,1388,,,,,,,,,
348,5.3738,0.00015638143773034267,1.86,1392,,,,,,,,,
349,5.3835,0.00015615058297547145,1.86,1396,,,,,,,,,
350,5.3726,0.0001559192903470747,1.87,1400,,,,,,,,,
351,5.3775,0.00015568756164881882,1.87,1404,,,,,,,,,
352,5.382,0.00015545539868777074,1.88,1408,,,,,,,,,
353,5.3773,0.00015522280327438388,1.88,1412,,,,,,,,,
354,5.3754,0.000154989777222484,1.89,1416,,,,,,,,,
355,5.3769,0.00015475632234925504,1.89,1420,,,,,,,,,
356,5.3817,0.00015452244047522502,1.9,1424,,,,,,,,,
357,5.3777,0.00015428813342425177,1.9,1428,,,,,,,,,
358,5.3773,0.00015405340302350871,1.91,1432,,,,,,,,,
359,5.3734,0.00015381825110347074,1.91,1436,,,,,,,,,
360,5.3779,0.00015358267949789966,1.92,1440,,,,,,,,,
361,5.3834,0.0001533466900438303,1.93,1444,,,,,,,,,
362,5.3707,0.00015311028458155567,1.93,1448,,,,,,,,,
363,5.3795,0.00015287346495461315,1.94,1452,,,,,,,,,
364,5.3781,0.00015263623300976978,1.94,1456,,,,,,,,,
365,5.3779,0.00015239859059700794,1.95,1460,,,,,,,,,
366,5.3802,0.0001521605395695108,1.95,1464,,,,,,,,,
367,5.3708,0.00015192208178364816,1.96,1468,,,,,,,,,
368,5.3814,0.00015168321909896172,1.96,1472,,,,,,,,,
369,5.3716,0.00015144395337815064,1.97,1476,,,,,,,,,
370,5.3718,0.00015120428648705717,1.97,1480,,,,,,,,,
371,5.3749,0.00015096422029465178,1.98,1484,,,,,,,,,
372,5.3746,0.00015072375667301893,1.98,1488,,,,,,,,,
373,5.37,0.0001504828974973422,1.99,1492,,,,,,,,,
374,5.374,0.00015024164464588982,1.99,1496,,,,,,,,,
375,5.3689,0.00015000000000000001,2.0,1500,,,,,,,,,
376,,,2.0,1500,4.799219131469727,123.6229,8.089,1.011,,,,,
377,5.377,0.00014975796544406625,2.01,1504,,,,,,,,,
378,5.3772,0.00014951554286552266,2.01,1508,,,,,,,,,
379,5.3776,0.00014927273415482915,2.02,1512,,,,,,,,,
380,5.3746,0.00014902954120545687,2.02,1516,,,,,,,,,
381,5.3724,0.0001487859659138733,2.03,1520,,,,,,,,,
382,5.3843,0.0001485420101795274,2.03,1524,,,,,,,,,
383,5.3789,0.00014829767590483506,2.04,1528,,,,,,,,,
384,5.3778,0.00014805296499516407,2.04,1532,,,,,,,,,
385,5.3742,0.00014780787935881923,2.05,1536,,,,,,,,,
386,5.38,0.00014756242090702756,2.05,1540,,,,,,,,,
387,5.3785,0.00014731659155392332,2.06,1544,,,,,,,,,
388,5.3703,0.0001470703932165333,2.06,1548,,,,,,,,,
389,5.3797,0.00014682382781476146,2.07,1552,,,,,,,,,
390,5.373,0.00014657689727137443,2.07,1556,,,,,,,,,
391,5.3765,0.00014632960351198618,2.08,1560,,,,,,,,,
392,5.3759,0.0001460819484650431,2.09,1564,,,,,,,,,
393,5.3721,0.000145833934061809,2.09,1568,,,,,,,,,
394,5.3771,0.00014558556223635003,2.1,1572,,,,,,,,,
395,5.3759,0.00014533683492551952,2.1,1576,,,,,,,,,
396,5.369,0.00014508775406894307,2.11,1580,,,,,,,,,
397,5.3688,0.00014483832160900326,2.11,1584,,,,,,,,,
398,5.3734,0.00014458853949082443,2.12,1588,,,,,,,,,
399,5.3739,0.00014433840966225772,2.12,1592,,,,,,,,,
400,5.3758,0.00014408793407386588,2.13,1596,,,,,,,,,
401,5.3725,0.00014383711467890774,2.13,1600,,,,,,,,,
402,5.3725,0.00014358595343332342,2.14,1604,,,,,,,,,
403,5.3763,0.00014333445229571873,2.14,1608,,,,,,,,,
404,5.3682,0.00014308261322735005,2.15,1612,,,,,,,,,
405,5.3677,0.00014283043819210905,2.15,1616,,,,,,,,,
406,5.3779,0.00014257792915650728,2.16,1620,,,,,,,,,
407,5.3706,0.00014232508808966098,2.17,1624,,,,,,,,,
408,5.3693,0.00014207191696327548,2.17,1628,,,,,,,,,
409,5.3755,0.00014181841775163013,2.18,1632,,,,,,,,,
410,5.3721,0.0001415645924315628,2.18,1636,,,,,,,,,
411,5.372,0.0001413104429824542,2.19,1640,,,,,,,,,
412,5.3746,0.0001410559713862128,2.19,1644,,,,,,,,,
413,5.3703,0.0001408011796272593,2.2,1648,,,,,,,,,
414,5.3742,0.00014054606969251095,2.2,1652,,,,,,,,,
415,5.376,0.00014029064357136628,2.21,1656,,,,,,,,,
416,5.3657,0.00014003490325568954,2.21,1660,,,,,,,,,
417,5.3769,0.000139778850739795,2.22,1664,,,,,,,,,
418,5.3731,0.00013952248802043165,2.22,1668,,,,,,,,,
419,5.3729,0.00013926581709676751,2.23,1672,,,,,,,,,
420,5.3719,0.00013900883997037397,2.23,1676,,,,,,,,,
421,5.3707,0.0001387515586452103,2.24,1680,,,,,,,,,
422,5.3692,0.00013849397512760795,2.25,1684,,,,,,,,,
423,5.3738,0.0001382360914262549,2.25,1688,,,,,,,,,
424,5.3726,0.00013797790955218014,2.26,1692,,,,,,,,,
425,5.3751,0.00013771943151873767,2.26,1696,,,,,,,,,
426,5.3714,0.00013746065934159123,2.27,1700,,,,,,,,,
427,5.3751,0.00013720159503869815,2.27,1704,,,,,,,,,
428,5.3672,0.00013694224063029396,2.28,1708,,,,,,,,,
429,5.3639,0.00013668259813887643,2.28,1712,,,,,,,,,
430,5.37,0.00013642266958918984,2.29,1716,,,,,,,,,
431,5.367,0.00013616245700820922,2.29,1720,,,,,,,,,
432,5.3679,0.00013590196242512463,2.3,1724,,,,,,,,,
433,5.3672,0.00013564118787132506,2.3,1728,,,,,,,,,
434,5.3699,0.00013538013538038295,2.31,1732,,,,,,,,,
435,5.3697,0.00013511880698803801,2.31,1736,,,,,,,,,
436,5.3741,0.00013485720473218154,2.32,1740,,,,,,,,,
437,5.367,0.0001345953306528405,2.33,1744,,,,,,,,,
438,5.3706,0.00013433318679216153,2.33,1748,,,,,,,,,
439,5.3684,0.0001340707751943952,2.34,1752,,,,,,,,,
440,5.3673,0.00013380809790587974,2.34,1756,,,,,,,,,
441,5.3714,0.00013354515697502553,2.35,1760,,,,,,,,,
442,5.3674,0.00013328195445229868,2.35,1764,,,,,,,,,
443,5.373,0.00013301849239020537,2.36,1768,,,,,,,,,
444,5.3735,0.0001327547728432757,2.36,1772,,,,,,,,,
445,5.372,0.00013249079786804765,2.37,1776,,,,,,,,,
446,5.3655,0.00013222656952305113,2.37,1780,,,,,,,,,
447,5.3689,0.0001319620898687918,2.38,1784,,,,,,,,,
448,5.3712,0.0001316973609677352,2.38,1788,,,,,,,,,
449,5.367,0.0001314323848842904,2.39,1792,,,,,,,,,
450,5.3657,0.0001311671636847942,2.39,1796,,,,,,,,,
451,5.3666,0.00013090169943749476,2.4,1800,,,,,,,,,
452,5.369,0.00013063599421253558,2.41,1804,,,,,,,,,
453,5.3706,0.00013037005008193942,2.41,1808,,,,,,,,,
454,5.3761,0.00013010386911959206,2.42,1812,,,,,,,,,
455,5.3718,0.00012983745340122604,2.42,1816,,,,,,,,,
456,5.3655,0.00012957080500440468,2.43,1820,,,,,,,,,
457,5.3674,0.00012930392600850573,2.43,1824,,,,,,,,,
458,5.3645,0.00012903681849470527,2.44,1828,,,,,,,,,
459,5.3784,0.00012876948454596128,2.44,1832,,,,,,,,,
460,5.3739,0.0001285019262469976,2.45,1836,,,,,,,,,
461,5.3682,0.00012823414568428768,2.45,1840,,,,,,,,,
462,5.3694,0.000127966144946038,2.46,1844,,,,,,,,,
463,5.3647,0.00012769792612217224,2.46,1848,,,,,,,,,
464,5.3731,0.00012742949130431467,2.47,1852,,,,,,,,,
465,5.3724,0.00012716084258577388,2.47,1856,,,,,,,,,
466,5.3637,0.00012689198206152657,2.48,1860,,,,,,,,,
467,5.3627,0.00012662291182820114,2.49,1864,,,,,,,,,
468,5.3684,0.00012635363398406127,2.49,1868,,,,,,,,,
469,5.3674,0.00012608415062898972,2.5,1872,,,,,,,,,
470,5.368,0.0001258144638644718,2.5,1876,,,,,,,,,
471,5.3701,0.00012554457579357905,2.51,1880,,,,,,,,,
472,5.3699,0.00012527448852095295,2.51,1884,,,,,,,,,
473,5.3715,0.00012500420415278822,2.52,1888,,,,,,,,,
474,5.3715,0.00012473372479681672,2.52,1892,,,,,,,,,
475,5.3727,0.00012446305256229073,2.53,1896,,,,,,,,,
476,5.3723,0.00012419218955996676,2.53,1900,,,,,,,,,
477,5.3641,0.00012392113790208895,2.54,1904,,,,,,,,,
478,5.3622,0.00012364989970237248,2.54,1908,,,,,,,,,
479,5.3586,0.00012337847707598738,2.55,1912,,,,,,,,,
480,5.3689,0.00012310687213954182,2.55,1916,,,,,,,,,
481,5.3596,0.00012283508701106557,2.56,1920,,,,,,,,,
482,5.3664,0.00012256312380999376,2.57,1924,,,,,,,,,
483,5.3675,0.00012229098465715006,2.57,1928,,,,,,,,,
484,5.3697,0.00012201867167473015,2.58,1932,,,,,,,,,
485,5.3591,0.00012174618698628549,2.58,1936,,,,,,,,,
486,5.365,0.00012147353271670634,2.59,1940,,,,,,,,,
487,5.3671,0.00012120071099220549,2.59,1944,,,,,,,,,
488,5.3649,0.00012092772394030152,2.6,1948,,,,,,,,,
489,5.3659,0.00012065457368980236,2.6,1952,,,,,,,,,
490,5.3654,0.0001203812623707885,2.61,1956,,,,,,,,,
491,5.368,0.00012010779211459648,2.61,1960,,,,,,,,,
492,5.3706,0.00011983416505380234,2.62,1964,,,,,,,,,
493,5.3587,0.00011956038332220483,2.62,1968,,,,,,,,,
494,5.3643,0.0001192864490548089,2.63,1972,,,,,,,,,
495,5.3673,0.00011901236438780902,2.63,1976,,,,,,,,,
496,5.3601,0.00011873813145857249,2.64,1980,,,,,,,,,
497,5.3619,0.0001184637524056227,2.65,1984,,,,,,,,,
498,5.3651,0.00011818922936862269,2.65,1988,,,,,,,,,
499,5.369,0.00011791456448835825,2.66,1992,,,,,,,,,
500,5.3716,0.00011763975990672125,2.66,1996,,,,,,,,,
501,5.365,0.00011736481776669306,2.67,2000,,,,,,,,,
502,5.3728,0.00011708974021232769,2.67,2004,,,,,,,,,
503,5.3688,0.00011681452938873516,2.68,2008,,,,,,,,,
504,5.3678,0.00011653918744206478,2.68,2012,,,,,,,,,
505,5.364,0.00011626371651948838,2.69,2016,,,,,,,,,
506,5.3698,0.0001159881187691835,2.69,2020,,,,,,,,,
507,5.3649,0.00011571239634031679,2.7,2024,,,,,,,,,
508,5.3707,0.00011543655138302714,2.7,2028,,,,,,,,,
509,5.3652,0.00011516058604840891,2.71,2032,,,,,,,,,
510,5.3678,0.00011488450248849522,2.71,2036,,,,,,,,,
511,5.366,0.00011460830285624118,2.72,2040,,,,,,,,,
512,5.364,0.00011433198930550695,2.73,2044,,,,,,,,,
513,5.3652,0.00011405556399104109,2.73,2048,,,,,,,,,
514,5.361,0.0001137790290684638,2.74,2052,,,,,,,,,
515,5.3686,0.00011350238669424993,2.74,2056,,,,,,,,,
516,5.3681,0.00011322563902571226,2.75,2060,,,,,,,,,
517,5.3706,0.00011294878822098469,2.75,2064,,,,,,,,,
518,5.362,0.00011267183643900548,2.76,2068,,,,,,,,,
519,5.3625,0.00011239478583950018,2.76,2072,,,,,,,,,
520,5.3601,0.00011211763858296507,2.77,2076,,,,,,,,,
521,5.3639,0.00011184039683065013,2.77,2080,,,,,,,,,
522,5.361,0.00011156306274454218,2.78,2084,,,,,,,,,
523,5.3557,0.00011128563848734816,2.78,2088,,,,,,,,,
524,5.3679,0.00011100812622247822,2.79,2092,,,,,,,,,
525,5.364,0.00011073052811402867,2.79,2096,,,,,,,,,
526,5.3637,0.00011045284632676536,2.8,2100,,,,,,,,,
527,5.371,0.00011017508302610664,2.81,2104,,,,,,,,,
528,5.3665,0.00010989724037810652,2.81,2108,,,,,,,,,
529,5.3683,0.00010961932054943778,2.82,2112,,,,,,,,,
530,5.365,0.00010934132570737507,2.82,2116,,,,,,,,,
531,5.3665,0.00010906325801977804,2.83,2120,,,,,,,,,
532,5.3635,0.00010878511965507434,2.83,2124,,,,,,,,,
533,5.3604,0.00010850691278224281,2.84,2128,,,,,,,,,
534,5.3648,0.00010822863957079656,2.84,2132,,,,,,,,,
535,5.3635,0.00010795030219076599,2.85,2136,,,,,,,,,
536,5.3607,0.00010767190281268187,2.85,2140,,,,,,,,,
537,5.357,0.00010739344360755852,2.86,2144,,,,,,,,,
538,5.3592,0.00010711492674687671,2.86,2148,,,,,,,,,
539,5.3642,0.00010683635440256687,2.87,2152,,,,,,,,,
540,5.3624,0.00010655772874699217,2.87,2156,,,,,,,,,
541,5.3649,0.00010627905195293135,2.88,2160,,,,,,,,,
542,5.3652,0.00010600032619356209,2.89,2164,,,,,,,,,
543,5.3603,0.00010572155364244382,2.89,2168,,,,,,,,,
544,5.3685,0.00010544273647350092,2.9,2172,,,,,,,,,
545,5.3668,0.00010516387686100566,2.9,2176,,,,,,,,,
546,5.3609,0.00010488497697956135,2.91,2180,,,,,,,,,
547,5.3697,0.00010460603900408523,2.91,2184,,,,,,,,,
548,5.36,0.00010432706510979171,2.92,2188,,,,,,,,,
549,5.3656,0.00010404805747217526,2.92,2192,,,,,,,,,
550,5.3576,0.00010376901826699348,2.93,2196,,,,,,,,,
551,5.3655,0.00010348994967025012,2.93,2200,,,,,,,,,
552,5.368,0.00010321085385817817,2.94,2204,,,,,,,,,
553,5.3651,0.00010293173300722285,2.94,2208,,,,,,,,,
554,5.3654,0.0001026525892940246,2.95,2212,,,,,,,,,
555,5.3679,0.0001023734248954022,2.95,2216,,,,,,,,,
556,5.3678,0.0001020942419883357,2.96,2220,,,,,,,,,
557,5.36,0.00010181504274994948,2.97,2224,,,,,,,,,
558,5.3626,0.0001015358293574953,2.97,2228,,,,,,,,,
559,5.3595,0.00010125660398833528,2.98,2232,,,,,,,,,
560,5.3602,0.00010097736881992492,2.98,2236,,,,,,,,,
561,5.3606,0.00010069812602979615,2.99,2240,,,,,,,,,
562,5.3679,0.0001004188777955404,2.99,2244,,,,,,,,,
563,5.3631,0.00010013962629479146,3.0,2248,,,,,,,,,
564,,,3.0,2250,4.790505886077881,123.4814,8.098,1.012,,,,,
565,5.3571,9.986037370520857e-05,3.0,2252,,,,,,,,,
566,5.3658,9.958112220445963e-05,3.01,2256,,,,,,,,,
567,5.3653,9.930187397020386e-05,3.01,2260,,,,,,,,,
568,5.361,9.902263118007513e-05,3.02,2264,,,,,,,,,
569,5.3593,9.874339601166473e-05,3.02,2268,,,,,,,,,
570,5.3685,9.846417064250471e-05,3.03,2272,,,,,,,,,
571,5.3603,9.818495725005054e-05,3.03,2276,,,,,,,,,
572,5.367,9.790575801166432e-05,3.04,2280,,,,,,,,,
573,5.354,9.762657510459783e-05,3.05,2284,,,,,,,,,
574,5.3674,9.734741070597539e-05,3.05,2288,,,,,,,,,
575,5.3657,9.706826699277718e-05,3.06,2292,,,,,,,,,
576,5.36,9.678914614182185e-05,3.06,2296,,,,,,,,,
577,5.3643,9.651005032974994e-05,3.07,2300,,,,,,,,,
578,5.3576,9.623098173300654e-05,3.07,2304,,,,,,,,,
579,5.3666,9.595194252782477e-05,3.08,2308,,,,,,,,,
580,5.3646,9.567293489020831e-05,3.08,2312,,,,,,,,,
581,5.362,9.539396099591476e-05,3.09,2316,,,,,,,,,
582,5.3613,9.511502302043868e-05,3.09,2320,,,,,,,,,
583,5.3616,9.483612313899435e-05,3.1,2324,,,,,,,,,
584,5.3611,9.455726352649911e-05,3.1,2328,,,,,,,,,
585,5.3635,9.427844635755619e-05,3.11,2332,,,,,,,,,
586,5.3599,9.399967380643796e-05,3.11,2336,,,,,,,,,
587,5.3605,9.372094804706867e-05,3.12,2340,,,,,,,,,
588,5.3644,9.344227125300788e-05,3.13,2344,,,,,,,,,
589,5.3604,9.316364559743314e-05,3.13,2348,,,,,,,,,
590,5.3608,9.288507325312335e-05,3.14,2352,,,,,,,,,
591,5.3606,9.26065563924415e-05,3.14,2356,,,,,,,,,
592,5.3567,9.232809718731814e-05,3.15,2360,,,,,,,,,
593,5.361,9.204969780923403e-05,3.15,2364,,,,,,,,,
594,5.3611,9.177136042920344e-05,3.16,2368,,,,,,,,,
595,5.361,9.14930872177572e-05,3.16,2372,,,,,,,,,
596,5.3538,9.121488034492569e-05,3.17,2376,,,,,,,,,
597,5.3639,9.093674198022201e-05,3.17,2380,,,,,,,,,
598,5.3564,9.065867429262496e-05,3.18,2384,,,,,,,,,
599,5.3634,9.038067945056227e-05,3.18,2388,,,,,,,,,
600,5.3659,9.01027596218935e-05,3.19,2392,,,,,,,,,
601,5.362,8.982491697389338e-05,3.19,2396,,,,,,,,,
602,5.3606,8.954715367323468e-05,3.2,2400,,,,,,,,,
603,5.3687,8.926947188597134e-05,3.21,2404,,,,,,,,,
604,5.3656,8.89918737775218e-05,3.21,2408,,,,,,,,,
605,5.3609,8.871436151265184e-05,3.22,2412,,,,,,,,,
606,5.369,8.843693725545786e-05,3.22,2416,,,,,,,,,
607,5.3687,8.81596031693499e-05,3.23,2420,,,,,,,,,
608,5.3646,8.788236141703498e-05,3.23,2424,,,,,,,,,
609,5.3636,8.760521416049983e-05,3.24,2428,,,,,,,,,
610,5.3591,8.732816356099456e-05,3.24,2432,,,,,,,,,
611,5.3552,8.705121177901532e-05,3.25,2436,,,,,,,,,
612,5.3556,8.677436097428775e-05,3.25,2440,,,,,,,,,
613,5.3551,8.64976133057501e-05,3.26,2444,,,,,,,,,
614,5.3604,8.62209709315362e-05,3.26,2448,,,,,,,,,
615,5.3589,8.594443600895892e-05,3.27,2452,,,,,,,,,
616,5.3667,8.566801069449305e-05,3.27,2456,,,,,,,,,
617,5.3656,8.539169714375885e-05,3.28,2460,,,,,,,,,
618,5.3596,8.511549751150479e-05,3.29,2464,,,,,,,,,
619,5.3554,8.483941395159114e-05,3.29,2468,,,,,,,,,
620,5.3639,8.456344861697289e-05,3.3,2472,,,,,,,,,
621,5.3598,8.428760365968326e-05,3.3,2476,,,,,,,,,
622,5.3619,8.401188123081653e-05,3.31,2480,,,,,,,,,
623,5.3581,8.373628348051165e-05,3.31,2484,,,,,,,,,
624,5.3576,8.346081255793525e-05,3.32,2488,,,,,,,,,
625,5.3576,8.318547061126485e-05,3.32,2492,,,,,,,,,
626,5.358,8.291025978767235e-05,3.33,2496,,,,,,,,,
627,5.3587,8.263518223330697e-05,3.33,2500,,,,,,,,,
628,5.3527,8.236024009327879e-05,3.34,2504,,,,,,,,,
629,5.3594,8.208543551164178e-05,3.34,2508,,,,,,,,,
630,5.3598,8.181077063137733e-05,3.35,2512,,,,,,,,,
631,5.3564,8.153624759437732e-05,3.35,2516,,,,,,,,,
632,5.3601,8.126186854142752e-05,3.36,2520,,,,,,,,,
633,5.3573,8.0987635612191e-05,3.37,2524,,,,,,,,,
634,5.355,8.071355094519109e-05,3.37,2528,,,,,,,,,
635,5.3615,8.04396166777952e-05,3.38,2532,,,,,,,,,
636,5.3661,8.016583494619769e-05,3.38,2536,,,,,,,,,
637,5.3609,7.989220788540355e-05,3.39,2540,,,,,,,,,
638,5.3572,7.961873762921153e-05,3.39,2544,,,,,,,,,
639,5.3564,7.934542631019768e-05,3.4,2548,,,,,,,,,
640,5.3608,7.907227605969849e-05,3.4,2552,,,,,,,,,
641,5.3601,7.879928900779456e-05,3.41,2556,,,,,,,,,
642,5.3598,7.852646728329368e-05,3.41,2560,,,,,,,,,
643,5.3599,7.825381301371452e-05,3.42,2564,,,,,,,,,
644,5.3569,7.798132832526986e-05,3.42,2568,,,,,,,,,
645,5.3539,7.770901534284995e-05,3.43,2572,,,,,,,,,
646,5.3543,7.743687619000626e-05,3.43,2576,,,,,,,,,
647,5.3601,7.716491298893442e-05,3.44,2580,,,,,,,,,
648,5.3642,7.689312786045823e-05,3.45,2584,,,,,,,,,
649,5.3619,7.662152292401264e-05,3.45,2588,,,,,,,,,
650,5.3616,7.635010029762756e-05,3.46,2592,,,,,,,,,
651,5.3588,7.607886209791107e-05,3.46,2596,,,,,,,,,
652,5.3554,7.580781044003324e-05,3.47,2600,,,,,,,,,
653,5.3574,7.553694743770928e-05,3.47,2604,,,,,,,,,
654,5.3633,7.526627520318329e-05,3.48,2608,,,,,,,,,
655,5.3614,7.499579584721179e-05,3.48,2612,,,,,,,,,
656,5.3563,7.472551147904708e-05,3.49,2616,,,,,,,,,
657,5.3584,7.445542420642097e-05,3.49,2620,,,,,,,,,
658,5.3553,7.418553613552825e-05,3.5,2624,,,,,,,,,
659,5.355,7.391584937101033e-05,3.5,2628,,,,,,,,,
660,5.359,7.364636601593875e-05,3.51,2632,,,,,,,,,
661,5.3592,7.33770881717989e-05,3.51,2636,,,,,,,,,
662,5.348,7.310801793847344e-05,3.52,2640,,,,,,,,,
663,5.361,7.283915741422612e-05,3.53,2644,,,,,,,,,
664,5.3648,7.257050869568535e-05,3.53,2648,,,,,,,,,
665,5.3527,7.230207387782776e-05,3.54,2652,,,,,,,,,
666,5.3592,7.203385505396203e-05,3.54,2656,,,,,,,,,
667,5.3643,7.176585431571235e-05,3.55,2660,,,,,,,,,
668,5.3522,7.149807375300239e-05,3.55,2664,,,,,,,,,
669,5.3566,7.123051545403874e-05,3.56,2668,,,,,,,,,
670,5.3591,7.096318150529477e-05,3.56,2672,,,,,,,,,
671,5.3622,7.069607399149428e-05,3.57,2676,,,,,,,,,
672,5.354,7.042919499559537e-05,3.57,2680,,,,,,,,,
673,5.3573,7.016254659877398e-05,3.58,2684,,,,,,,,,
674,5.364,6.989613088040796e-05,3.58,2688,,,,,,,,,
675,5.3534,6.962994991806059e-05,3.59,2692,,,,,,,,,
676,5.3522,6.93640057874644e-05,3.59,2696,,,,,,,,,
677,5.3644,6.909830056250527e-05,3.6,2700,,,,,,,,,
678,5.3516,6.883283631520582e-05,3.61,2704,,,,,,,,,
679,5.3609,6.856761511570963e-05,3.61,2708,,,,,,,,,
680,5.3675,6.830263903226483e-05,3.62,2712,,,,,,,,,
681,5.3552,6.803791013120822e-05,3.62,2716,,,,,,,,,
682,5.3603,6.77734304769489e-05,3.63,2720,,,,,,,,,
683,5.359,6.750920213195238e-05,3.63,2724,,,,,,,,,
684,5.3603,6.724522715672432e-05,3.64,2728,,,,,,,,,
685,5.3581,6.698150760979463e-05,3.64,2732,,,,,,,,,
686,5.3574,6.671804554770135e-05,3.65,2736,,,,,,,,,
687,5.3589,6.64548430249745e-05,3.65,2740,,,,,,,,,
688,5.3602,6.61919020941203e-05,3.66,2744,,,,,,,,,
689,5.3604,6.592922480560483e-05,3.66,2748,,,,,,,,,
690,5.3582,6.566681320783849e-05,3.67,2752,,,,,,,,,
691,5.3551,6.540466934715953e-05,3.67,2756,,,,,,,,,
692,5.3534,6.51427952678185e-05,3.68,2760,,,,,,,,,
693,5.3564,6.488119301196201e-05,3.69,2764,,,,,,,,,
694,5.3583,6.461986461961706e-05,3.69,2768,,,,,,,,,
695,5.364,6.435881212867493e-05,3.7,2772,,,,,,,,,
696,5.3556,6.409803757487538e-05,3.7,2776,,,,,,,,,
697,5.3621,6.383754299179079e-05,3.71,2780,,,,,,,,,
698,5.3548,6.357733041081018e-05,3.71,2784,,,,,,,,,
699,5.358,6.33174018611236e-05,3.72,2788,,,,,,,,,
700,5.3538,6.305775936970606e-05,3.72,2792,,,,,,,,,
701,5.355,6.27984049613019e-05,3.73,2796,,,,,,,,,
702,5.3563,6.25393406584088e-05,3.73,2800,,,,,,,,,
703,5.3609,6.228056848126236e-05,3.74,2804,,,,,,,,,
704,5.3549,6.20220904478199e-05,3.74,2808,,,,,,,,,
705,5.3547,6.176390857374507e-05,3.75,2812,,,,,,,,,
706,5.3544,6.150602487239206e-05,3.75,2816,,,,,,,,,
707,5.3561,6.12484413547897e-05,3.76,2820,,,,,,,,,
708,5.3587,6.099116002962604e-05,3.77,2824,,,,,,,,,
709,5.3583,6.073418290323251e-05,3.77,2828,,,,,,,,,
710,5.3561,6.047751197956838e-05,3.78,2832,,,,,,,,,
711,5.3554,6.022114926020504e-05,3.78,2836,,,,,,,,,
712,5.3601,5.9965096744310526e-05,3.79,2840,,,,,,,,,
713,5.3519,5.9709356428633746e-05,3.79,2844,,,,,,,,,
714,5.3612,5.94539303074891e-05,3.8,2848,,,,,,,,,
715,5.3678,5.9198820372740726e-05,3.8,2852,,,,,,,,,
716,5.3533,5.8944028613787206e-05,3.81,2856,,,,,,,,,
717,5.3593,5.868955701754584e-05,3.81,2860,,,,,,,,,
718,5.362,5.8435407568437216e-05,3.82,2864,,,,,,,,,
719,5.3585,5.818158224836987e-05,3.82,2868,,,,,,,,,
720,5.3542,5.792808303672454e-05,3.83,2872,,,,,,,,,
721,5.3581,5.7674911910339094e-05,3.83,2876,,,,,,,,,
722,5.3536,5.7422070843492734e-05,3.84,2880,,,,,,,,,
723,5.3579,5.716956180789098e-05,3.85,2884,,,,,,,,,
724,5.3646,5.691738677265e-05,3.85,2888,,,,,,,,,
725,5.3562,5.666554770428129e-05,3.86,2892,,,,,,,,,
726,5.3575,5.641404656667661e-05,3.86,2896,,,,,,,,,
727,5.3573,5.616288532109225e-05,3.87,2900,,,,,,,,,
728,5.3556,5.591206592613416e-05,3.87,2904,,,,,,,,,
729,5.3591,5.566159033774225e-05,3.88,2908,,,,,,,,,
730,5.358,5.541146050917561e-05,3.88,2912,,,,,,,,,
731,5.3588,5.5161678390996796e-05,3.89,2916,,,,,,,,,
732,5.3599,5.491224593105695e-05,3.89,2920,,,,,,,,,
733,5.3571,5.466316507448048e-05,3.9,2924,,,,,,,,,
734,5.3589,5.441443776365003e-05,3.9,2928,,,,,,,,,
735,5.3654,5.416606593819101e-05,3.91,2932,,,,,,,,,
736,5.3591,5.3918051534956926e-05,3.91,2936,,,,,,,,,
737,5.3528,5.3670396488013854e-05,3.92,2940,,,,,,,,,
738,5.3512,5.3423102728625574e-05,3.93,2944,,,,,,,,,
739,5.3558,5.317617218523856e-05,3.93,2948,,,,,,,,,
740,5.3567,5.292960678346675e-05,3.94,2952,,,,,,,,,
741,5.3652,5.26834084460767e-05,3.94,2956,,,,,,,,,
742,5.3553,5.243757909297247e-05,3.95,2960,,,,,,,,,
743,5.3638,5.2192120641180786e-05,3.95,2964,,,,,,,,,
744,5.358,5.194703500483593e-05,3.96,2968,,,,,,,,,
745,5.3554,5.170232409516496e-05,3.96,2972,,,,,,,,,
746,5.3575,5.145798982047261e-05,3.97,2976,,,,,,,,,
747,5.3526,5.121403408612672e-05,3.97,2980,,,,,,,,,
748,5.3512,5.097045879454313e-05,3.98,2984,,,,,,,,,
749,5.361,5.072726584517086e-05,3.98,2988,,,,,,,,,
750,5.3603,5.048445713447738e-05,3.99,2992,,,,,,,,,
751,5.3565,5.024203455593375e-05,3.99,2996,,,,,,,,,
752,5.3635,5.000000000000002e-05,4.0,3000,,,,,,,,,
753,,,4.0,3000,4.788478374481201,123.4359,8.101,1.013,,,,,
754,5.3594,4.97583553541102e-05,4.01,3004,,,,,,,,,
755,5.3485,4.9517102502657845e-05,4.01,3008,,,,,,,,,
756,5.3549,4.927624332698109e-05,4.02,3012,,,,,,,,,
757,5.3491,4.9035779705348226e-05,4.02,3016,,,,,,,,,
758,5.3561,4.8795713512942865e-05,4.03,3020,,,,,,,,,
759,5.3586,4.8556046621849346e-05,4.03,3024,,,,,,,,,
760,5.3592,4.8316780901038314e-05,4.04,3028,,,,,,,,,
761,5.3505,4.807791821635186e-05,4.04,3032,,,,,,,,,
762,5.3591,4.783946043048923e-05,4.05,3036,,,,,,,,,
763,5.359,4.7601409402992106e-05,4.05,3040,,,,,,,,,
764,5.3596,4.736376699023023e-05,4.06,3044,,,,,,,,,
765,5.3537,4.712653504538683e-05,4.06,3048,,,,,,,,,
766,5.3555,4.688971541844436e-05,4.07,3052,,,,,,,,,
767,5.3562,4.665330995616974e-05,4.07,3056,,,,,,,,,
768,5.3693,4.6417320502100316e-05,4.08,3060,,,,,,,,,
769,5.3568,4.6181748896529273e-05,4.09,3064,,,,,,,,,
770,5.3535,4.5946596976491295e-05,4.09,3068,,,,,,,,,
771,5.3566,4.5711866575748276e-05,4.1,3072,,,,,,,,,
772,5.3585,4.5477559524774994e-05,4.1,3076,,,,,,,,,
773,5.3584,4.524367765074499e-05,4.11,3080,,,,,,,,,
774,5.3569,4.501022277751602e-05,4.11,3084,,,,,,,,,
775,5.3491,4.4777196725616146e-05,4.12,3088,,,,,,,,,
776,5.3577,4.45446013122293e-05,4.12,3092,,,,,,,,,
777,5.3598,4.431243835118124e-05,4.13,3096,,,,,,,,,
778,5.3566,4.4080709652925336e-05,4.13,3100,,,,,,,,,
779,5.3541,4.3849417024528564e-05,4.14,3104,,,,,,,,,
780,5.355,4.361856226965733e-05,4.14,3108,,,,,,,,,
781,5.3602,4.3388147188563325e-05,4.15,3112,,,,,,,,,
782,5.3559,4.315817357806974e-05,4.15,3116,,,,,,,,,
783,5.3553,4.2928643231556844e-05,4.16,3120,,,,,,,,,
784,5.3568,4.26995579389485e-05,4.17,3124,,,,,,,,,
785,5.3609,4.2470919486697744e-05,4.17,3128,,,,,,,,,
786,5.3559,4.224272965777326e-05,4.18,3132,,,,,,,,,
787,5.3555,4.201499023164508e-05,4.18,3136,,,,,,,,,
788,5.3509,4.1787702984271074e-05,4.19,3140,,,,,,,,,
789,5.3589,4.15608696880828e-05,4.19,3144,,,,,,,,,
790,5.354,4.133449211197188e-05,4.2,3148,,,,,,,,,
791,5.3556,4.110857202127615e-05,4.2,3152,,,,,,,,,
792,5.3629,4.08831111777658e-05,4.21,3156,,,,,,,,,
793,5.3555,4.065811133962987e-05,4.21,3160,,,,,,,,,
794,5.3581,4.0433574261462206e-05,4.22,3164,,,,,,,,,
795,5.356,4.020950169424815e-05,4.22,3168,,,,,,,,,
796,5.3588,3.9985895385350456e-05,4.23,3172,,,,,,,,,
797,5.3479,3.976275707849616e-05,4.23,3176,,,,,,,,,
798,5.3512,3.954008851376252e-05,4.24,3180,,,,,,,,,
799,5.3558,3.931789142756377e-05,4.25,3184,,,,,,,,,
800,5.3597,3.9096167552637454e-05,4.25,3188,,,,,,,,,
801,5.3534,3.887491861803085e-05,4.26,3192,,,,,,,,,
802,5.3509,3.8654146349087606e-05,4.26,3196,,,,,,,,,
803,5.3497,3.843385246743417e-05,4.27,3200,,,,,,,,,
804,5.3592,3.821403869096658e-05,4.27,3204,,,,,,,,,
805,5.3472,3.799470673383674e-05,4.28,3208,,,,,,,,,
806,5.3537,3.777585830643937e-05,4.28,3212,,,,,,,,,
807,5.3571,3.755749511539845e-05,4.29,3216,,,,,,,,,
808,5.3519,3.733961886355398e-05,4.29,3220,,,,,,,,,
809,5.3574,3.712223124994875e-05,4.3,3224,,,,,,,,,
810,5.3598,3.690533396981504e-05,4.3,3228,,,,,,,,,
811,5.3585,3.668892871456144e-05,4.31,3232,,,,,,,,,
812,5.3563,3.647301717175956e-05,4.31,3236,,,,,,,,,
813,5.3535,3.6257601025131026e-05,4.32,3240,,,,,,,,,
814,5.3602,3.604268195453421e-05,4.33,3244,,,,,,,,,
815,5.3538,3.582826163595119e-05,4.33,3248,,,,,,,,,
816,5.3567,3.561434174147463e-05,4.34,3252,,,,,,,,,
817,5.3571,3.540092393929494e-05,4.34,3256,,,,,,,,,
818,5.3507,3.518800989368691e-05,4.35,3260,,,,,,,,,
819,5.3487,3.497560126499709e-05,4.35,3264,,,,,,,,,
820,5.3551,3.4763699709630716e-05,4.36,3268,,,,,,,,,
821,5.3563,3.455230688003852e-05,4.36,3272,,,,,,,,,
822,5.3603,3.4341424424704375e-05,4.37,3276,,,,,,,,,
823,5.3539,3.413105398813195e-05,4.37,3280,,,,,,,,,
824,5.3604,3.3921197210832235e-05,4.38,3284,,,,,,,,,
825,5.3522,3.371185572931048e-05,4.38,3288,,,,,,,,,
826,5.3567,3.3503031176053656e-05,4.39,3292,,,,,,,,,
827,5.3571,3.3294725179517574e-05,4.39,3296,,,,,,,,,
828,5.3551,3.308693936411421e-05,4.4,3300,,,,,,,,,
829,5.359,3.287967535019908e-05,4.41,3304,,,,,,,,,
830,5.351,3.2672934754058616e-05,4.41,3308,,,,,,,,,
831,5.3603,3.246671918789755e-05,4.42,3312,,,,,,,,,
832,5.3428,3.226103025982628e-05,4.42,3316,,,,,,,,,
833,5.3519,3.205586957384838e-05,4.43,3320,,,,,,,,,
834,5.3643,3.1851238729848034e-05,4.43,3324,,,,,,,,,
835,5.352,3.164713932357776e-05,4.44,3328,,,,,,,,,
836,5.3551,3.144357294664565e-05,4.44,3332,,,,,,,,,
837,5.3549,3.124054118650327e-05,4.45,3336,,,,,,,,,
838,5.3584,3.103804562643302e-05,4.45,3340,,,,,,,,,
839,5.3502,3.0836087845536e-05,4.46,3344,,,,,,,,,
840,5.3513,3.063466941871952e-05,4.46,3348,,,,,,,,,
841,5.3563,3.0433791916684916e-05,4.47,3352,,,,,,,,,
842,5.3586,3.023345690591537e-05,4.47,3356,,,,,,,,,
843,5.3507,3.0033665948663448e-05,4.48,3360,,,,,,,,,
844,5.3576,2.9834420602939263e-05,4.49,3364,,,,,,,,,
845,5.3585,2.9635722422497993e-05,4.49,3368,,,,,,,,,
846,5.358,2.9437572956827964e-05,4.5,3372,,,,,,,,,
847,5.3571,2.9239973751138495e-05,4.5,3376,,,,,,,,,
848,5.3541,2.904292634634793e-05,4.51,3380,,,,,,,,,
849,5.3585,2.8846432279071467e-05,4.51,3384,,,,,,,,,
850,5.3524,2.865049308160934e-05,4.52,3388,,,,,,,,,
851,5.3519,2.8455110281934803e-05,4.52,3392,,,,,,,,,
852,5.3556,2.826028540368215e-05,4.53,3396,,,,,,,,,
853,5.3513,2.8066019966134904e-05,4.53,3400,,,,,,,,,
854,5.3507,2.7872315484213952e-05,4.54,3404,,,,,,,,,
855,5.3546,2.7679173468465812e-05,4.54,3408,,,,,,,,,
856,5.3542,2.7486595425050665e-05,4.55,3412,,,,,,,,,
857,5.359,2.7294582855730832e-05,4.55,3416,,,,,,,,,
858,5.3535,2.7103137257858868e-05,4.56,3420,,,,,,,,,
859,5.3536,2.6912260124366006e-05,4.57,3424,,,,,,,,,
860,5.3567,2.672195294375045e-05,4.57,3428,,,,,,,,,
861,5.3524,2.6532217200065858e-05,4.58,3432,,,,,,,,,
862,5.3534,2.634305437290968e-05,4.58,3436,,,,,,,,,
863,5.3516,2.615446593741161e-05,4.59,3440,,,,,,,,,
864,5.3549,2.5966453364222186e-05,4.59,3444,,,,,,,,,
865,5.3477,2.5779018119501208e-05,4.6,3448,,,,,,,,,
866,5.3535,2.5592161664906368e-05,4.6,3452,,,,,,,,,
867,5.3471,2.540588545758179e-05,4.61,3456,,,,,,,,,
868,5.3604,2.5220190950146827e-05,4.61,3460,,,,,,,,,
869,5.3551,2.5035079590684497e-05,4.62,3464,,,,,,,,,
870,5.3508,2.48505528227304e-05,4.62,3468,,,,,,,,,
871,5.3537,2.4666612085261342e-05,4.63,3472,,,,,,,,,
872,5.353,2.4483258812684096e-05,4.63,3476,,,,,,,,,
873,5.3523,2.4300494434824373e-05,4.64,3480,,,,,,,,,
874,5.3497,2.411832037691545e-05,4.65,3484,,,,,,,,,
875,5.3548,2.3936738059587282e-05,4.65,3488,,,,,,,,,
876,5.3525,2.37557488988552e-05,4.66,3492,,,,,,,,,
877,5.3564,2.35753543061091e-05,4.66,3496,,,,,,,,,
878,5.36,2.339555568810221e-05,4.67,3500,,,,,,,,,
879,5.347,2.321635444694028e-05,4.67,3504,,,,,,,,,
880,5.3562,2.3037751980070555e-05,4.68,3508,,,,,,,,,
881,5.3566,2.2859749680270982e-05,4.68,3512,,,,,,,,,
882,5.3551,2.2682348935639274e-05,4.69,3516,,,,,,,,,
883,5.3538,2.2505551129582047e-05,4.69,3520,,,,,,,,,
884,5.3504,2.2329357640804117e-05,4.7,3524,,,,,,,,,
885,5.3582,2.2153769843297667e-05,4.7,3528,,,,,,,,,
886,5.3491,2.1978789106331665e-05,4.71,3532,,,,,,,,,
887,5.3577,2.1804416794440995e-05,4.71,3536,,,,,,,,,
888,5.3554,2.163065426741603e-05,4.72,3540,,,,,,,,,
889,5.3506,2.1457502880291812e-05,4.73,3544,,,,,,,,,
890,5.3504,2.128496398333768e-05,4.73,3548,,,,,,,,,
891,5.3587,2.1113038922046602e-05,4.74,3552,,,,,,,,,
892,5.3527,2.09417290371247e-05,4.74,3556,,,,,,,,,
893,5.3458,2.0771035664480942e-05,4.75,3560,,,,,,,,,
894,5.356,2.0600960135216462e-05,4.75,3564,,,,,,,,,
895,5.3517,2.0431503775614457e-05,4.76,3568,,,,,,,,,
896,5.3566,2.026266790712965e-05,4.76,3572,,,,,,,,,
897,5.3575,2.009445384637805e-05,4.77,3576,,,,,,,,,
898,5.3609,1.9926862905126665e-05,4.77,3580,,,,,,,,,
899,5.349,1.9759896390283362e-05,4.78,3584,,,,,,,,,
900,5.3592,1.9593555603886538e-05,4.78,3588,,,,,,,,,
901,5.356,1.9427841843095063e-05,4.79,3592,,,,,,,,,
902,5.3469,1.9262756400178162e-05,4.79,3596,,,,,,,,,
903,5.3582,1.9098300562505266e-05,4.8,3600,,,,,,,,,
904,5.3468,1.8934475612536017e-05,4.81,3604,,,,,,,,,
905,5.3534,1.877128282781028e-05,4.81,3608,,,,,,,,,
906,5.3482,1.8608723480938206e-05,4.82,3612,,,,,,,,,
907,5.3526,1.8446798839590186e-05,4.82,3616,,,,,,,,,
908,5.351,1.8285510166487152e-05,4.83,3620,,,,,,,,,
909,5.3508,1.812485871939056e-05,4.83,3624,,,,,,,,,
910,5.3504,1.7964845751092664e-05,4.84,3628,,,,,,,,,
911,5.3527,1.7805472509406696e-05,4.84,3632,,,,,,,,,
912,5.3576,1.7646740237157256e-05,4.85,3636,,,,,,,,,
913,5.3497,1.7488650172170496e-05,4.85,3640,,,,,,,,,
914,5.3554,1.7331203547264453e-05,4.86,3644,,,,,,,,,
915,5.3474,1.7174401590239587e-05,4.86,3648,,,,,,,,,
916,5.3497,1.7018245523869036e-05,4.87,3652,,,,,,,,,
917,5.3534,1.686273656588917e-05,4.87,3656,,,,,,,,,
918,5.364,1.6707875928990058e-05,4.88,3660,,,,,,,,,
919,5.3567,1.6553664820806102e-05,4.89,3664,,,,,,,,,
920,5.3453,1.640010444390646e-05,4.89,3668,,,,,,,,,
921,5.3485,1.6247195995785837e-05,4.9,3672,,,,,,,,,
922,5.3521,1.6094940668855006e-05,4.9,3676,,,,,,,,,
923,5.3582,1.5943339650431576e-05,4.91,3680,,,,,,,,,
924,5.3551,1.579239412273078e-05,4.91,3684,,,,,,,,,
925,5.3488,1.564210526285612e-05,4.92,3688,,,,,,,,,
926,5.3559,1.5492474242790366e-05,4.92,3692,,,,,,,,,
927,5.3587,1.5343502229386207e-05,4.93,3696,,,,,,,,,
928,5.3507,1.5195190384357404e-05,4.93,3700,,,,,,,,,
929,5.3636,1.5047539864269478e-05,4.94,3704,,,,,,,,,
930,5.3542,1.4900551820530828e-05,4.94,3708,,,,,,,,,
931,5.3512,1.4754227399383757e-05,4.95,3712,,,,,,,,,
932,5.3558,1.4608567741895495e-05,4.95,3716,,,,,,,,,
933,5.3561,1.4463573983949341e-05,4.96,3720,,,,,,,,,
934,5.355,1.4319247256235714e-05,4.97,3724,,,,,,,,,
935,5.3522,1.4175588684243446e-05,4.97,3728,,,,,,,,,
936,5.3536,1.40325993882509e-05,4.98,3732,,,,,,,,,
937,5.3542,1.3890280483317374e-05,4.98,3736,,,,,,,,,
938,5.3514,1.3748633079274253e-05,4.99,3740,,,,,,,,,
939,5.3531,1.3607658280716473e-05,4.99,3744,,,,,,,,,
940,5.3491,1.34673571869938e-05,5.0,3748,,,,,,,,,
941,,,5.0,3750,4.785900115966797,123.3661,8.106,1.013,,,,,
942,5.3556,1.3327730892202383e-05,5.0,3752,,,,,,,,,
943,5.3411,1.3188780485176088e-05,5.01,3756,,,,,,,,,
944,5.3521,1.30505070494781e-05,5.01,3760,,,,,,,,,
945,5.3539,1.2912911663392469e-05,5.02,3764,,,,,,,,,
946,5.3561,1.2775995399915631e-05,5.02,3768,,,,,,,,,
947,5.3455,1.2639759326748135e-05,5.03,3772,,,,,,,,,
948,5.3566,1.2504204506286243e-05,5.03,3776,,,,,,,,,
949,5.3581,1.2369331995613665e-05,5.04,3780,,,,,,,,,
950,5.3521,1.2235142846493308e-05,5.05,3784,,,,,,,,,
951,5.359,1.2101638105359169e-05,5.05,3788,,,,,,,,,
952,5.3462,1.196881881330798e-05,5.06,3792,,,,,,,,,
953,5.3545,1.1836686006091313e-05,5.06,3796,,,,,,,,,
954,5.3511,1.1705240714107302e-05,5.07,3800,,,,,,,,,
955,5.3568,1.1574483962392767e-05,5.07,3804,,,,,,,,,
956,5.3476,1.1444416770615118e-05,5.08,3808,,,,,,,,,
957,5.3536,1.1315040153064416e-05,5.08,3812,,,,,,,,,
958,5.3581,1.1186355118645554e-05,5.09,3816,,,,,,,,,
959,5.3543,1.1058362670870249e-05,5.09,3820,,,,,,,,,
960,5.3461,1.093106380784934e-05,5.1,3824,,,,,,,,,
961,5.3499,1.0804459522284926e-05,5.1,3828,,,,,,,,,
962,5.3551,1.067855080146266e-05,5.11,3832,,,,,,,,,
963,5.3567,1.0553338627244025e-05,5.11,3836,,,,,,,,,
964,5.355,1.042882397605871e-05,5.12,3840,,,,,,,,,
965,5.3587,1.0305007818897006e-05,5.13,3844,,,,,,,,,
966,5.3541,1.0181891121302145e-05,5.13,3848,,,,,,,,,
967,5.3466,1.0059474843362892e-05,5.14,3852,,,,,,,,,
968,5.3548,9.937759939705971e-06,5.14,3856,,,,,,,,,
969,5.3565,9.816747359488632e-06,5.15,3860,,,,,,,,,
970,5.3497,9.696438046391288e-06,5.15,3864,,,,,,,,,
971,5.3545,9.576832938610137e-06,5.16,3868,,,,,,,,,
972,5.3562,9.457932968849825e-06,5.16,3872,,,,,,,,,
973,5.3466,9.339739064316233e-06,5.17,3876,,,,,,,,,
974,5.3528,9.222252146709142e-06,5.17,3880,,,,,,,,,
975,5.3528,9.105473132215125e-06,5.18,3884,,,,,,,,,
976,5.3482,8.989402931500434e-06,5.18,3888,,,,,,,,,
977,5.3587,8.87404244970378e-06,5.19,3892,,,,,,,,,
978,5.3578,8.759392586429393e-06,5.19,3896,,,,,,,,,
979,5.3531,8.645454235739903e-06,5.2,3900,,,,,,,,,
980,5.3561,8.532228286149501e-06,5.21,3904,,,,,,,,,
981,5.3542,8.419715620616874e-06,5.21,3908,,,,,,,,,
982,5.3532,8.307917116538378e-06,5.22,3912,,,,,,,,,
983,5.3483,8.196833645741186e-06,5.22,3916,,,,,,,,,
984,5.3552,8.086466074476563e-06,5.23,3920,,,,,,,,,
985,5.3563,7.976815263412963e-06,5.23,3924,,,,,,,,,
986,5.3495,7.867882067629472e-06,5.24,3928,,,,,,,,,
987,5.3504,7.75966733660901e-06,5.24,3932,,,,,,,,,
988,5.3543,7.652171914231776e-06,5.25,3936,,,,,,,,,
989,5.352,7.545396638768698e-06,5.25,3940,,,,,,,,,
990,5.3539,7.439342342874789e-06,5.26,3944,,,,,,,,,
991,5.3559,7.3340098535827905e-06,5.26,3948,,,,,,,,,
992,5.3514,7.2293999922965705e-06,5.27,3952,,,,,,,,,
993,5.3535,7.125513574784903e-06,5.27,3956,,,,,,,,,
994,5.3508,7.022351411174866e-06,5.28,3960,,,,,,,,,
995,5.3512,6.919914305945774e-06,5.29,3964,,,,,,,,,
996,5.3507,6.818203057922757e-06,5.29,3968,,,,,,,,,
997,5.3573,6.717218460270536e-06,5.3,3972,,,,,,,,,
998,5.3476,6.616961300487324e-06,5.3,3976,,,,,,,,,
999,5.3543,6.517432360398556e-06,5.31,3980,,,,,,,,,
1000,5.3489,6.418632416150927e-06,5.31,3984,,,,,,,,,
1001,5.3489,6.320562238206218e-06,5.32,3988,,,,,,,,,
1002,5.3532,6.223222591335409e-06,5.32,3992,,,,,,,,,
1003,5.347,6.126614234612593e-06,5.33,3996,,,,,,,,,
1004,5.3594,6.030737921409169e-06,5.33,4000,,,,,,,,,
1005,5.3507,5.935594399387856e-06,5.34,4004,,,,,,,,,
1006,5.3512,5.8411844104969916e-06,5.34,4008,,,,,,,,,
1007,5.3542,5.747508690964598e-06,5.35,4012,,,,,,,,,
1008,5.3514,5.654567971292757e-06,5.35,4016,,,,,,,,,
1009,5.3474,5.562362976251901e-06,5.36,4020,,,,,,,,,
1010,5.3464,5.470894424875062e-06,5.37,4024,,,,,,,,,
1011,5.3543,5.380163030452412e-06,5.37,4028,,,,,,,,,
1012,5.3604,5.290169500525577e-06,5.38,4032,,,,,,,,,
1013,5.3605,5.200914536882185e-06,5.38,4036,,,,,,,,,
1014,5.3566,5.1123988355503475e-06,5.39,4040,,,,,,,,,
1015,5.3531,5.024623086793323e-06,5.39,4044,,,,,,,,,
1016,5.3617,4.937587975103996e-06,5.4,4048,,,,,,,,,
1017,5.3487,4.8512941791996726e-06,5.4,4052,,,,,,,,,
1018,5.3494,4.765742372016735e-06,5.41,4056,,,,,,,,,
1019,5.3498,4.680933220705308e-06,5.41,4060,,,,,,,,,
1020,5.3494,4.596867386624215e-06,5.42,4064,,,,,,,,,
1021,5.3494,4.513545525335705e-06,5.42,4068,,,,,,,,,
1022,5.3517,4.4309682866004125e-06,5.43,4072,,,,,,,,,
1023,5.3491,4.349136314372204e-06,5.43,4076,,,,,,,,,
1024,5.3491,4.268050246793276e-06,5.44,4080,,,,,,,,,
1025,5.3555,4.187710716189042e-06,5.45,4084,,,,,,,,,
1026,5.3518,4.108118349063306e-06,5.45,4088,,,,,,,,,
1027,5.3596,4.029273766093333e-06,5.46,4092,,,,,,,,,
1028,5.3512,3.951177582125021e-06,5.46,4096,,,,,,,,,
1029,5.352,3.873830406168111e-06,5.47,4100,,,,,,,,,
1030,5.3538,3.797232841391407e-06,5.47,4104,,,,,,,,,
1031,5.3496,3.721385485118123e-06,5.48,4108,,,,,,,,,
1032,5.3523,3.6462889288211512e-06,5.48,4112,,,,,,,,,
1033,5.3451,3.5719437581185454e-06,5.49,4116,,,,,,,,,
1034,5.3505,3.4983505527688586e-06,5.49,4120,,,,,,,,,
1035,5.3627,3.425509886666711e-06,5.5,4124,,,,,,,,,
1036,5.3535,3.3534223278382405e-06,5.5,4128,,,,,,,,,
1037,5.3536,3.2820884384367146e-06,5.51,4132,,,,,,,,,
1038,5.3498,3.2115087747381366e-06,5.51,4136,,,,,,,,,
1039,5.3569,3.1416838871368924e-06,5.52,4140,,,,,,,,,
1040,5.3472,3.072614320141487e-06,5.53,4144,,,,,,,,,
1041,5.3555,3.0043006123702697e-06,5.53,4148,,,,,,,,,
1042,5.3505,2.936743296547273e-06,5.54,4152,,,,,,,,,
1043,5.3542,2.8699428994980017e-06,5.54,4156,,,,,,,,,
1044,5.3508,2.8038999421453826e-06,5.55,4160,,,,,,,,,
1045,5.3485,2.738614939505646e-06,5.55,4164,,,,,,,,,
1046,5.352,2.6740884006843825e-06,5.56,4168,,,,,,,,,
1047,5.349,2.610320828872481e-06,5.56,4172,,,,,,,,,
1048,5.3489,2.5473127213422763e-06,5.57,4176,,,,,,,,,
1049,5.3494,2.4850645694436736e-06,5.57,4180,,,,,,,,,
1050,5.3518,2.4235768586002517e-06,5.58,4184,,,,,,,,,
1051,5.3485,2.3628500683055222e-06,5.58,4188,,,,,,,,,
1052,5.3514,2.3028846721191876e-06,5.59,4192,,,,,,,,,
1053,5.3513,2.2436811376634893e-06,5.59,4196,,,,,,,,,
1054,5.3509,2.1852399266194314e-06,5.6,4200,,,,,,,,,
1055,5.352,2.1275614947233624e-06,5.61,4204,,,,,,,,,
1056,5.3526,2.0706462917632673e-06,5.61,4208,,,,,,,,,
1057,5.3562,2.014494761575314e-06,5.62,4212,,,,,,,,,
1058,5.347,1.9591073420404337e-06,5.62,4216,,,,,,,,,
1059,5.3533,1.904484465080847e-06,5.63,4220,,,,,,,,,
1060,5.3523,1.8506265566567094e-06,5.63,4224,,,,,,,,,
1061,5.3504,1.7975340367628268e-06,5.64,4228,,,,,,,,,
1062,5.3538,1.7452073194253238e-06,5.64,4232,,,,,,,,,
1063,5.3507,1.6936468126984572e-06,5.65,4236,,,,,,,,,
1064,5.3542,1.6428529186614195e-06,5.65,4240,,,,,,,,,
1065,5.3501,1.5928260334151845e-06,5.66,4244,,,,,,,,,
1066,5.3554,1.543566547079467e-06,5.66,4248,,,,,,,,,
1067,5.3472,1.4950748437896234e-06,5.67,4252,,,,,,,,,
1068,5.3476,1.4473513016937223e-06,5.67,4256,,,,,,,,,
1069,5.3429,1.400396292949513e-06,5.68,4260,,,,,,,,,
1070,5.3539,1.3542101837215826e-06,5.69,4264,,,,,,,,,
1071,5.3566,1.308793334178493e-06,5.69,4268,,,,,,,,,
1072,5.3459,1.26414609848996e-06,5.7,4272,,,,,,,,,
1073,5.3532,1.2202688248241112e-06,5.7,4276,,,,,,,,,
1074,5.355,1.1771618553447216e-06,5.71,4280,,,,,,,,,
1075,5.3501,1.134825526208605e-06,5.71,4284,,,,,,,,,
1076,5.3544,1.0932601675629595e-06,5.72,4288,,,,,,,,,
1077,5.3528,1.052466103542793e-06,5.72,4292,,,,,,,,,
1078,5.3427,1.0124436522684243e-06,5.73,4296,,,,,,,,,
1079,5.3521,9.731931258429638e-07,5.73,4300,,,,,,,,,
1080,5.3475,9.347148303499142e-07,5.74,4304,,,,,,,,,
1081,5.3529,8.970090658507291e-07,5.74,4308,,,,,,,,,
1082,5.3494,8.600761263825474e-07,5.75,4312,,,,,,,,,
1083,5.3502,8.239162999558403e-07,5.75,4316,,,,,,,,,
1084,5.3498,7.885298685522235e-07,5.76,4320,,,,,,,,,
1085,5.3508,7.539171081221596e-07,5.77,4324,,,,,,,,,
1086,5.3528,7.200782885829482e-07,5.77,4328,,,,,,,,,
1087,5.3489,6.870136738164612e-07,5.78,4332,,,,,,,,,
1088,5.3509,6.547235216672443e-07,5.78,4336,,,,,,,,,
1089,5.3503,6.232080839403631e-07,5.79,4340,,,,,,,,,
1090,5.3526,5.924676063995382e-07,5.79,4344,,,,,,,,,
1091,5.3493,5.62502328765202e-07,5.8,4348,,,,,,,,,
1092,5.3557,5.333124847125892e-07,5.8,4352,,,,,,,,,
1093,5.3469,5.048983018699827e-07,5.81,4356,,,,,,,,,
1094,5.3456,4.772600018168816e-07,5.81,4360,,,,,,,,,
1095,5.354,4.503978000823028e-07,5.82,4364,,,,,,,,,
1096,5.3525,4.2431190614309335e-07,5.82,4368,,,,,,,,,
1097,5.3535,3.9900252342228717e-07,5.83,4372,,,,,,,,,
1098,5.351,3.744698492875398e-07,5.83,4376,,,,,,,,,
1099,5.3517,3.50714075049563e-07,5.84,4380,,,,,,,,,
1100,5.3508,3.277353859606813e-07,5.85,4384,,,,,,,,,
1101,5.3486,3.0553396121330013e-07,5.85,4388,,,,,,,,,
1102,5.3512,2.841099739386066e-07,5.86,4392,,,,,,,,,
1103,5.3491,2.6346359120514863e-07,5.86,4396,,,,,,,,,
1104,5.3468,2.4359497401758024e-07,5.87,4400,,,,,,,,,
1105,5.3449,2.2450427731534053e-07,5.87,4404,,,,,,,,,
1106,5.3462,2.0619164997155438e-07,5.88,4408,,,,,,,,,
1107,5.3455,1.8865723479173368e-07,5.88,4412,,,,,,,,,
1108,5.3564,1.7190116851280026e-07,5.89,4416,,,,,,,,,
1109,5.3527,1.5592358180189782e-07,5.89,4420,,,,,,,,,
1110,5.3555,1.4072459925548177e-07,5.9,4424,,,,,,,,,
1111,5.3488,1.2630433939825327e-07,5.9,4428,,,,,,,,,
1112,5.3572,1.1266291468229328e-07,5.91,4432,,,,,,,,,
1113,5.3472,9.980043148619667e-08,5.91,4436,,,,,,,,,
1114,5.3454,8.771699011416168e-08,5.92,4440,,,,,,,,,
1115,5.3589,7.641268479531283e-08,5.93,4444,,,,,,,,,
1116,5.3515,6.588760368287928e-08,5.93,4448,,,,,,,,,
1117,5.3468,5.6141828853573106e-08,5.94,4452,,,,,,,,,
1118,5.3557,4.717543630688992e-08,5.94,4456,,,,,,,,,
1119,5.3502,3.898849596456478e-08,5.95,4460,,,,,,,,,
1120,5.3565,3.1581071670006015e-08,5.95,4464,,,,,,,,,
1121,5.3492,2.4953221187784537e-08,5.96,4468,,,,,,,,,
1122,5.3449,1.9104996203223037e-08,5.96,4472,,,,,,,,,
1123,5.3541,1.4036442321962995e-08,5.97,4476,,,,,,,,,
1124,5.3446,9.747599069576119e-09,5.97,4480,,,,,,,,,
1125,5.3551,6.238499891353389e-09,5.98,4484,,,,,,,,,
1126,5.35,3.509172151938689e-09,5.98,4488,,,,,,,,,
1127,5.3549,1.5596371351733752e-09,5.99,4492,,,,,,,,,
1128,5.3551,3.899100439408443e-10,5.99,4496,,,,,,,,,
1129,5.3458,0.0,6.0,4500,,,,,,,,,
1130,,,6.0,4500,4.785315990447998,123.5378,8.095,1.012,,,,,
1131,,,6.0,4500,,,,,11423.3695,3.151,0.394,2.207281840128e+16,5.4378090070088705
